<?xml version="1.0"?>
<modules>
    <module name="Landing" status="Enabled">
        <title>Launch your website with a stunning Twenty-Twenty-Three theme.</title>
        <paragraph>Our theme is designed to make your website stand out and impress your audience. With easy customization options, you can have a professional-looking website in no time. Say goodbye to boring and hello to Twent-Twenty-Three.</paragraph>
        <button link="./awt-admin/?page=Pages" title="Get Started"/>
    </module>
    <module name="Presentation" status="Enabled">
        <image title="Product Shot" file="/assets/images/product-shot-p-800.webp"></image>
        <title>Sleek and modern theme for your next project.</title>
        <paragraph>Upgrade your website with our cutting-edge theme designed to make a lasting impression. Our templates are easy to customize and perfect for businesses of all sizes. Say goodbye to outdated designs and hello to a fresh new look with Twenty-Twenty-Three. </paragraph>
    </module>
    <module name="Features" status="Enabled">
        <feature_1 title="Create a stunning website with ease."
         paragraph="Don't let your lack of coding skills hold you back from creating a beautiful website. With Twent-Twenty-Three, you can build an amazing website without any hassle. Our theme is user-friendly and customizable to help bring your vision to life. Start building your dream website today!"
         file="/assets/images/marginalia-coming-soon.webp"
        />
        <feature_2 title="Launch your website in minutes, not hours."
         paragraph="Don't waste time on complicated website setups. With Twent-Twenty-Three's easy-to-use and customizable theme, you can launch your website in just a few clicks. Get your online presence up and running quickly so you can focus on growing your business."
         file="/assets/images/marginalia-online-shopping.webp"
        />
        <feature_3 title="Effortlessly create stunning landing pages."
         paragraph="With Twent-Twenty-Three, creating a beautiful landing page is as easy as dropping blocks into the page editor. Say goodbye to hours spent coding and designing—focus on your message and let our theme do the rest. Create stunning pages in no time with Twent-Twenty-Three."
         file="/assets/images/marginalia-order-complete.webp"
        />
    </module>
    <module name="Start Now" status="Enabled">
        <title>Make your website stand out with the Twent-Twenty-Three theme.</title>
        <button link="./awt-admin/?page=Pages" title="Start Now"/>
    </module>
    <module name="Footer" status="Enabled">
        <twitter link="#" status="Enabled"/>
        <instagram link="#" status="Enabled"/>
        <linkedin link="#" status="Enabled"/>
    </module>
</modules>